Echantillon;Meme echantilon qui recolte 2009/2010;Ville;Recolte;Cultivar;Age;Espacement.m;Aplicacion PBZ.ml do p.a./plante;SPAD_m;Irrigation.I-NI;rdt.kg/Plante;sol.pH.cacl2;sol.M.O.g/dm3;sol.P.mg/dm3;sol.K.mmolc/dm3;sol.Ca.mmolc/dm3;sol.Mg.mmolc/dm3;sol.H+Almmolc/dm3;sol.SB.mmolc/dm3;sol.T.mmolc/dm3;sol.V.perc;sol.B.mg/dm3;sol.Cu.mg/dm3;sol.Fe.mg/dm3;sol.Mn.mg/dm3;sol.Zn.mg/dm3;sol.S-S04.mg/dm3;sol.Al.mmolc/dm3;fol.N.g/kg;fol.P.g/kg;fol.K.g/kg;fol.Ca.g/kg;fol.Mg.g/kg;fol.S.g/kg;fol.B.mg/kg;fol.Cu.mg/kg;fol.Fe.mg/kg;fol.Mn.mg/kg;fol.Zn.mg/kg
185;63;Taquaritinga;2010/2011;Tommy;2002;10 x 3,5;4.5;46.7;NI;197.2;5.4;12;98;3.7;38;18;16;59.7;75.7;79;3.03;15.4;18;18.9;2.6;27;0;12.8;0.9;8.1;19.4;2.2;1.6;50;94;68;413;30
186;64;Taquaritinga;2010/2011;Tommy;2002;10 x 6;5;45.3;NI;185.4;5.7;10;76;3.9;41;17;14;61.9;75.9;82;2.4;13.4;15;17.9;1.4;21;0;13.5;0.9;7.4;18.3;2.1;1.7;43;107;87;598;28
7;;Pirangi;2009/2010;Palmer;2000;8 x 5;1.8;58.1;NI;182.8;5.5;15;12;1;17;7;16;25;41;61;0.06;6;17;22;1.2;1;0;16.5;1;9.7;18.3;2.5;1.3;41;12;43;404;11
142;85;Vista Alegre do Alto;2010/2011;Palmer;1997;7 x 5;2.7;53.2;NI;172.6;5.6;12;44;1.7;29;16;15;46.7;61.7;76;0.22;8.2;11;7.7;1;2;0;13.9;0.9;10;26.2;1.9;1.7;24;13;97;373;20
208;35;Fernando Prestes;2010/2011;Palmer;2000;8 x 6;2;49.5;NI;171.7;5;12;7;1.5;16;7;18;24.5;42.5;58;0.19;7.8;12;14.7;0.5;1;0;12.8;0.8;10.9;19.6;2.1;1.6;27;107;99;349;14
183;61;Taquaritinga;2010/2011;Tommy;1983;12 x 10;5.25;46.2;NI;171.5;6;14;25;2;35;11;13;48;61;79;0.2;4.8;24;17;1.5;20;0;12.4;0.9;8.6;19.2;1.7;1.4;32;90;64;280;16
141;84;Vista Alegre do Alto;2010/2011;Palmer;1999;7 x 5;3.6;50.7;NI;163.7;5.6;17;45;3.3;40;18;22;61.3;83.3;74;0.24;10.4;22;5.6;1.4;1;0;12.8;1.2;12.5;17.6;1.8;1.5;30;13;40;276;38
140;83;Vista Alegre do Alto;2010/2011;Palmer;1999;7 x 5;3.6;48.6;NI;160.8;4.8;12;28;3.4;24;9;31;36.4;67.4;54;0.26;3;19;5.4;0.4;1;1;13.4;1.1;11.6;16.9;1.8;1.6;25;11;45;330;39
207;33;Fernando Prestes;2010/2011;Palmer;2000;8 x 6;2;49;NI;159.1;5.1;10;7;1.3;15;6;15;22.3;37.3;60;0.19;6;12;15.4;0.4;1;0;11.3;0.9;11.8;22.1;1.9;1.5;30;34;94;563;21
182;58;Taquaritinga;2010/2011;Palmer;1993;8 x 6;5;57;NI;155.1;5.6;11;87;3.5;38;17;14;58.5;72.5;81;1.96;10.2;17;20.4;2.9;82;0;17.2;1.1;10.1;19.4;2.2;1.7;50;111;74;421;22
196;25;Fernando Prestes;2010/2011;Tommy;2003;8 x 6;2.5;46.4;NI;153;5;12;7;1;18;10;22;29;51;57;0.19;2.2;19;15.4;0.5;1;0;11;0.8;7.6;19.2;2.1;1;20;6;48;302;15
23;;Pirangi;2009/2010;Palmer;2000;8 x 6;1.8;55.7;NI;152.8;5.4;15;38;2;15;5;18;22;40;55;0.11;4;20;22;1.8;1;0;14;0.8;8.9;14.5;2;1.2;18;24;61;619;11
143;86;Vista Alegre do Alto;2010/2011;Palmer;1995;7 x 5;2.7;54.8;NI;152.1;5.4;10;35;2.2;26;9;18;37.2;55.2;67;0.18;15.4;13;9.1;2.2;1;0;15.3;0.9;9.3;20.4;1.6;1.4;25;14;76;617;50
179;56;Taquaritinga;2010/2011;Palmer;1995;8 X 4;3.37;59.8;NI;149.6;5.6;9;116;3.5;33;22;13;58.5;71.5;82;1.07;10.5;20;16.8;2.8;36;0;17.2;1.1;11.1;17.9;2;1.7;60;30;95;515;45
195;24;Fernando Prestes;2010/2011;Tommy;2003;8 x 6;2.5;43.2;NI;148;5.3;11;10;1.6;26;12;22;39.6;61.6;64;0.2;1.9;14;17.5;0.4;1;0;10.6;0.7;8;24.3;1.9;1;28;7;33;315;16
181;59;Taquaritinga;2010/2011;Palmer;1993;8 x 6;5;54.1;NI;147.8;5.6;12;90;3.8;40;16;16;59.8;75.8;79;2.09;16.1;19;19.6;3.6;96;0;15.7;1;9.1;16.7;2;1.4;41;47;55;359;23
209;37;Fernando Prestes;2010/2011;Palmer;2003;8 x 5;2;54.1;NI;145.2;5;12;8;2.2;15;6;20;23.2;43.2;54;0.18;3.7;16;13.3;0.5;1;0;14.6;0.7;8.9;22.1;2;1.3;24;35;61;544;14
104;;Vista Alegre do Alto;2009/2010;Tommy;2002;8 x 6;5;48.5;NI;139.6;5.5;15;12;3.1;18;5;13;26.1;39.1;67;0.21;5.6;13;7.7;0.7;1;0;12.3;1.8;9;20.3;1.5;1.2;26;13;60;509;22
18;;Pirangi;2009/2010;Palmer;2002;7 x 5;1.8;56.8;NI;135.5;5.3;15;8;1.9;14;5;18;20.9;38.9;54;0.08;3.8;20;22;1;2;0;14;0.9;8.3;21.3;1.9;1.4;18;16;60;544;14
172;129;Monte Alto;2010/2011;Palmer;1996;9 x 4;3.75;48.1;NI;135.5;5.3;15;34;3.1;38;14;20;55.1;75.1;73;0.2;37.1;22;16.8;1.5;3;0;12;1.1;10.1;19.6;2;1.2;32;15;73;240;16
206;32;Fernando Prestes;2010/2011;Tommy;2001;8 x 6;0;47.3;NI;128.5;5;10;6;1.1;14;5;15;20.1;35.1;57;0.17;2.2;8;14;0.4;1;0;12.8;0.7;6.8;23.7;2.1;1.3;24;36;68;686;16
169;124;Monte Alto;2010/2011;Palmer;1997;9 x 4;3.75;54.4;NI;128.2;5.2;14;14;3.5;25;13;25;41.5;66.5;62;0.31;25.9;22;14;1;2;0;14.2;1;9;18.7;2.5;1.2;24;16;99;590;17
146;89;Vista Alegre do Alto;2010/2011;Palmer;1998;7,5 x 6;3.6;55.5;NI;127.3;5.7;11;47;2.4;34;11;15;47.4;62.4;76;0.22;7.7;11;8.4;1.3;2;0;14.2;1.1;10.5;25.3;2.1;1.7;16;10;64;555;17
165;;Vista Alegre do Alto;2010/2011;Tommy;1997;8 x 6;5;47.6;NI;125;5.4;14;10;1.7;28;12;20;41.7;61.7;68;0.17;7.1;12;9.8;0.5;1;0;11;0.8;8.6;22;1.9;1.2;17;9;68;341;26
173;130;Monte Alto;2010/2011;Tommy;1994;9 x 4;3.75;43;NI;124.6;5.6;15;23;2.2;36;12;18;50.2;68.2;74;0.21;20.3;16;17.5;1.5;3;0;11.3;1;7.7;21.1;2.2;1.1;23;11;114;379;24
205;31;Fernando Prestes;2010/2011;Palmer;1998;7 x 6;3.75;48.6;NI;123;5.5;12;112;1.1;33;8;13;42.1;55.1;76;0.25;39.9;12;7.7;2.1;2;0;11.7;0.7;7.4;22.5;1.8;1.2;24;18;138;340;16
175;131;Monte Alto;2010/2011;Tommy;1994;9 x 4;3.75;46.6;NI;122.9;5.3;14;16;2.9;34;13;22;49.9;71.9;69;0.21;11.2;17;13.3;1;2;0;11.3;1.2;7.8;22.2;1.8;1.1;29;15;82;298;28
160;103;Vista Alegre do Alto;2010/2011;Tommy;1997;8 x 6;5;46.5;NI;120;5.5;14;26;1.5;29;6;18;36.5;54.5;67;0.11;3.1;21;9.1;0.6;2;0;11;1.1;7.2;25.5;1.6;1.2;27;14;53;494;18
210;34;Fernando Prestes;2010/2011;Tommy;2002;8 x 5;3.75;46.5;NI;120;5.1;10;28;1.6;18;6;20;25.6;45.6;56;0.19;1.3;14;9.1;0.5;1;0;11;0.7;8.2;21.8;1.6;1.1;20;7;89;355;16
9;;Pirangi;2009/2010;Palmer;2000;8 x 6;3;51.7;NI;116.7;4.9;18;4;1.7;9;3;24;13.7;37.7;36;0.07;4.8;23;22;0.4;2;1;13.3;0.7;9.1;15.8;2.1;1.2;23;21;53;491;16
189;71;Taquaritinga;2010/2011;Palmer;1999;8 x 4;2.63;51.8;NI;115.5;5.3;7;34;2.5;22;17;18;41.5;59.5;70;1.7;6;11;13.3;0.7;62;0;13.5;0.6;9.3;17.9;2;0.9;26;17;44;742;13
25;;Monte Alto;2009/2010;Tommy;2004;8 x 6;2.5;49;NI;115;5.6;18;8;1.7;21;7;18;29.7;47.7;62;0.08;2.4;25;24;1;1;0;11.6;1.1;8;23.7;1.6;1.5;31;10;46;384;30
161;;Vista Alegre do Alto;2010/2011;Tommy;1997;8 x 6;5;47.5;NI;115;5.4;14;12;2.5;25;10;16;37.5;53.5;70;0.15;4.9;18;6.3;0.7;2;0;11.3;1;8.6;21.9;1.8;2.1;19;9;42;379;16
170;125;Monte Alto;2010/2011;Tommy;1997;9 x 4;3.75;44.9;NI;114.6;5;9;20;1.5;18;6;20;25.5;45.5;56;0.2;16.8;36;3.5;1.1;4;0;12;1.3;8;23.3;2.2;1.2;30;18;65;427;19
138;;Vista Alegre do Alto;2010/2011;Palmer;2000;8 x 6;3.75;54.7;NI;113.2;5.8;13;7;1.4;18;9;14;28.4;42.4;67;0.5;4.8;7;9;3.4;4;0;14.2;0.6;8.7;15.1;1.7;1.1;17;24;45;867;13
24;;Monte Alto;2009/2010;Tommy;2004;8 x 6;2.5;49.1;NI;113;5.6;18;10;1.6;22;8;18;31.6;49.6;64;0.08;2.4;30;24;1;2;0;12.6;1.2;8.9;22.6;1.6;1.5;31;8;49;415;29
105;;Vista Alegre do Alto;2009/2010;Tommy;2001;8 x 6;5;51;NI;112.9;5.5;19;15;2.7;22;6;21;30.7;51.7;59;0.07;8.6;29;18.4;1.8;2;0;13.3;1.7;9.1;20.5;1.5;1.4;25;15;59;453;23
197;27;Fernando Prestes;2010/2011;Palmer;2001;8 x 6;4;53.2;NI;112.1;4.9;10;9;1.5;13;6;25;20.5;45.5;45;0.18;4.5;14;9.1;0.2;1;1;12.4;0.8;10.4;18.4;2.2;0.8;24;6;32;508;14
199;26;Fernando Prestes;2010/2011;Palmer;2004;8 x 6;5;50.2;NI;111.1;4.5;11;22;2.9;8;4;31;14.9;45.9;32;0.2;0.9;34;4.9;0.4;1;3;13.9;0.6;9.5;13.5;2;1;16;7;61;388;12
166;108;Vista Alegre do Alto;2010/2011;Palmer;1997;8 x 6;5;53;NI;110;5;14;14;1.2;19;6;25;26.2;51.2;51;0.19;16.8;22;8.4;1.3;1;0;12.8;0.9;9.4;22.6;1.9;1.3;22;28;74;457;19
167;;Vista Alegre do Alto;2010/2011;Palmer;1997;8 x 6;5;50.5;NI;110;5.1;14;10;1.2;22;6;25;29.2;54.2;54;0.2;15.4;23;9.1;0.8;1;0;11.7;0.9;9.9;20.2;1.7;1.2;23;18;132;334;21
125;;Monte Alto;2009/2010;Tommy;1997;10 x 4;2.5;46.9;NI;110;6.1;24;24;2;33;8;16;43;59;73;0.12;18;19;20;3.8;1;0;13.3;1.3;8.3;24.3;2.4;1.3;32;21;40;338;29
119;;Fernando Prestes;2009/2010;Tommy;1995;7 x 9;0;47.6;NI;108;6;16;48;1.4;26;9;13;36.4;49.4;74;0.08;13;14;18;4.4;1;0;13;1.1;7.8;15.4;1.7;1.6;23;20;51;442;49
171;;Monte Alto;2010/2011;Tommy;1997;9 x 4;3.75;47.5;NI;108;5.5;11;40;1.8;33;9;18;43.8;61.8;71;0.21;18.9;13;7.7;1.5;2;0;12.8;1;7.3;24;2.3;1.2;29;37;60;530;22
168;123;Monte Alto;2010/2011;Palmer;2001;9 x 4;3.75;50.3;NI;107.7;5.2;10;16;3.7;22;13;20;38.7;58.7;66;0.19;6.7;16;5.6;0.5;2;0;13.5;0.8;9.8;19;2;1.1;25;30;88;461;13
193;78;Taquaritinga;2010/2011;Tommy;1999;8 x 4;4.5;44.3;NI;105.9;5.5;6;171;3.6;35;25;12;63.6;75.6;84;2.17;6.3;9;14;0.9;21;0;8.4;0.7;8.4;23.1;2.4;1.4;64;24;43;897;18
62;;Taquaritinga;2009/2010;Tommy;2002;9 x 3,5;3;57;NI;105.7;5.9;16;48;2.2;26;10;17;38.2;55.2;69;0.22;6.2;20;22;1.2;1;0;14.4;1;8.3;20.6;1.7;2;43;90;62;598;42
20;;Pirangi;2009/2010;Tommy;2003;7 x 5;0;53.4;NI;101;4.7;15;12;1.9;8;3;21;12.9;33.9;38;0.16;1.4;36;14.6;1;1;3;11.9;0.9;6.6;20.6;1.7;1.3;16;5;57;1462;15
162;104;Vista Alegre do Alto;2010/2011;Tommy;2000;8 x 6;5;48.1;NI;100;5.4;12;19;1.8;24;9;18;34.8;52.8;66;0.15;5;11;4.9;0.8;3;0;10.6;1.2;8.4;26.4;1.4;1.2;28;13;45;551;18
164;;Vista Alegre do Alto;2010/2011;Tommy;2000;8 x 6;5;46.7;NI;100;5.5;13;16;2.1;27;9;18;38.1;56.1;68;0.23;5.9;18;9.1;0.5;1;0;11.3;0.8;8.2;23.4;1.7;1;22;9;43;432;16
212;109;Vista Alegre do Alto;2010/2011;Tommy;2003;8 x 6;0;51.3;NI;100;5;12;7;2.1;18;9;25;29.1;54.1;54;0.22;2.2;26;8.4;0.3;1;0;13.1;1;10.6;17.4;1.9;1.4;24;31;44;408;32
213;137;Vista Alegre do Alto;2010/2011;Palmer;2003;8 x 6;0;54.5;NI;100;5.3;13;3;3;20;13;25;36;61;59;0.18;1.2;12;6.3;0.1;2;0;16.4;0.9;7.6;16.4;2;1.4;16;39;72;519;28
180;57;Taquaritinga;2010/2011;Palmer;1996;7 x 4;4;55.3;NI;99.4;5.5;12;53;3.8;27;20;18;50.8;68.8;74;2.62;9.1;27;18.9;2.4;43;0;16.8;0.9;10.1;18.2;1.9;1.4;38;29;42;580;16
174;;Monte Alto;2010/2011;Tommy;1994;9 x 4;3.75;43;NI;99.1;5.4;17;46;3.7;39;13;22;55.7;77.7;72;0.36;19.6;25;8.4;1.5;3;0;11.7;1.4;7.9;24.3;2.3;1.2;35;12;178;341;33
201;39;Fernando Prestes;2010/2011;Palmer;2003;7 x 5;4;48.7;NI;98.1;4.8;12;7;1.2;16;7;28;24.2;52.2;46;0.16;18.2;16;11.9;0.4;2;1;11;0.6;9.7;20.9;2.2;0.8;42;11;57;402;31
130;;Monte Alto;2009/2010;Tommy;1994;7 x 5;2.5;46.5;NI;98.1;5.8;17;26;2.3;25;9;15;36.3;51.3;71;0.2;16.8;34;17;2.8;2;0;10.5;1.2;8;23;2;1.1;27;34;57;463;26
192;76;Taquaritinga;2010/2011;Tommy;1999;8 x 4;3.5;46.5;NI;97.7;5.2;7;24;2.5;20;8;16;30.5;46.5;66;1.47;3.6;12;17.5;0.5;40;0;11.3;1.1;7.5;18.4;2.2;1.6;56;10;42;532;15
163;;Vista Alegre do Alto;2010/2011;Tommy;2000;8 x 6;5;47.8;NI;95;5.2;16;10;2.3;27;10;25;39.3;64.3;61;0.16;7.6;16;9.8;0.6;1;0;11;1.1;8.9;21.9;1.6;1.3;24;10;52;474;17
214;110;Vista Alegre do Alto;2010/2011;Palmer;2003;8 x 6;0;52.3;NI;95;5.2;11;6;2.1;18;7;18;27.1;45.1;60;0.15;2.4;15;8.4;0.3;1;0;13.9;0.7;6.5;19.3;1.9;0.8;19;6;77;421;96
55;;Fernando Prestes;2009/2010;Palmer;2004;9 x 8;2.5;58.2;NI;95;5.6;9;20;1.5;15;5;16;21.5;37.5;57;0.1;3.8;18;12.2;1;1;0;17.2;1;10;19.2;2.2;1.2;23;6;69;1008;13
88;;Vista Alegre do Alto;2009/2010;Palmer;2002;7 x 5;2;59.5;NI;94.5;5.6;15;29;2.9;20;7;19;29.9;48.9;61;0.13;6.2;21;22;1.2;1;0;15.1;1.1;13.9;16.2;1.6;1.5;16;9;81;506;45
103;;Vista Alegre do Alto;2009/2010;Tommy;2004;7 x 5;5;41.9;NI;93.2;5.4;16;10;2.4;17;6;21;25.4;46.4;55;0.06;5.6;26;22;1;1;0;11.9;2;9.5;22.3;1.7;1.3;27;13;61;442;22
16;;Pirangi;2009/2010;Palmer;2004;7 x 6;1.8;46.3;NI;90.8;5.1;17;8;3;21;5;22;29;51;57;0.1;7.8;25;22;1.2;3;0;10.9;0.9;12.3;19.6;2.1;1.4;33;11;39;419;12
109;;Vista Alegre do Alto;2009/2010;Tommy;2004;7 x 6;0;47;NI;90.2;5.3;17;4;2.8;17;7;19;26.8;45.8;59;0.07;2.6;21;16;0.8;1;0;11.6;0.9;9.6;16.9;2;1.2;25;11;56;422;16
21;;Pirangi;2009/2010;Tommy;2002;8 x 6;0;51.9;NI;90;5.2;16;28;2;16;6;19;24;43;56;0.09;4.4;24;22;2;1;0;14;0.8;7.1;16.2;2.2;1.2;16;21;55;704;14
43;;Fernando Prestes;2009/2010;Tommy;2003;8 x 8;2;50.3;NI;90;5.7;13;15;1.4;21;8;18;30.4;48.4;63;0.13;1.6;19;20;0.8;1;0;11.2;0.9;6.9;26.4;2.1;1.5;24;15;57;344;18
184;62;Taquaritinga;2010/2011;Tommy;2004;9 x 3,5;3.5;46.3;NI;89.4;5.6;12;54;3.5;28;20;18;51.5;69.5;74;2.58;9.8;20;22.4;1.5;23;0;13.5;0.8;7.3;18.6;2.2;1.6;41;57;81;472;29
218;;Vista Alegre do Alto;2010/2011;Palmer;2001;10 x 7;3.6;53.1;NI;88.4;5.6;14;35;2.8;40;21;20;63.8;83.8;76;0.24;6.6;18;9.8;0.6;2;0;12.4;0.7;9.7;28.6;1.7;1.3;12;20;88;753;21
86;;Vista Alegre do Alto;2009/2010;Palmer;2002;8 x 6;2.5;57.2;NI;88.4;5.6;15;26;2;19;6;19;27;46;59;0.1;15;21;18;2.2;2;0;13;0.9;13.2;20.7;1.5;1.4;16;8;72;816;27
34;;Fernando Prestes;2009/2010;Tommy;2003;8 x 5;2;52.7;NI;87.8;5.6;13;22;2.5;20;5;18;27.5;45.5;60;0.11;1.8;20;22;1.6;2;0;13;0.9;6.6;22.6;1.6;1.2;28;39;93;329;16
221;;Vista Alegre do Alto;2010/2011;Tommy;2000;8 x 6;3.6;51.6;NI;87.2;5;14;3;1.9;17;5;18;23.9;41.9;57;0.14;1.5;39;15;1.2;2;0;13.5;0.7;8.5;15.1;2;0.8;13;10;66;592;14
53;;Fernando Prestes;2009/2010;Tommy;1999;7 x 5;2.5;47.5;NI;87;5.7;12;4;2.1;24;7;18;33.1;51.1;65;0.08;1.2;16;20;0.4;1;0;10.9;0.7;7;26.5;1.8;1.3;20;29;56;230;14
87;;Vista Alegre do Alto;2009/2010;Palmer;2001;7 x 5;2.5;53.6;NI;86.9;5.4;13;30;1.8;13;5;19;19.8;38.8;51;0.1;8.4;26;19;2.2;2;0;13.3;1;13.9;16.7;1.4;1.4;17;8;67;676;28
44;;Fernando Prestes;2009/2010;Palmer;2003;8 x 5;2;52.7;NI;86.8;5.6;16;14;2.2;27;9;20;38.2;58.2;66;0.13;1.4;21;22;0.6;3;0;12.6;1.3;9.8;27.2;1.8;2;29;19;68;386;20
5;;Pirangi;2009/2010;Palmer;2005;8 x 6;1.8;53.7;NI;86.2;5.5;15;14;1.7;13;6;18;20.7;38.7;53;0.08;3.6;23;22;1.4;2;0;14;1;10.2;15.1;2.4;1.4;20;27;40;678;12
136;;Vista Alegre do Alto;2009/2010;Haden;2001;7 x 5;5;52.2;NI;84.3;5;21;10;3;23;5;29;31;60;52;0.11;8.4;28;20;0.8;1;0;12.3;1;10.1;19.6;1.7;1.3;24;5;40;274;14
45;;Fernando Prestes;2009/2010;Tommy;2001;8 x 5;2.5;51.9;NI;84;5.4;15;14;3;19;8;21;30;51;59;0.13;1;39;19;1.6;2;0;16.1;0.9;7.9;18.7;1.5;1.7;26;37;68;1007;19
85;;Vista Alegre do Alto;2009/2010;Palmer;2003;7 x 5;2.5;54.1;NI;83.4;6;16;48;2;26;13;14;41;55;75;0.14;6.2;15;14.4;1.2;1;0;14.7;1.1;11;15.4;1.8;1.4;19;9;67;374;40
200;40;Fernando Prestes;2010/2011;Palmer;2001;7 x 5;4;54.6;NI;82.6;4.7;11;16;1.3;13;6;28;20.3;48.3;42;0.21;11.9;26;15.4;0.6;1;1;13.9;1.3;10.3;18.3;2.3;1.4;22;12;55;363;19
8;;Pirangi;2009/2010;Palmer;2000;8 x 5;1.8;61.4;NI;80.9;5.6;14;15;1.1;19;8;17;28.1;45.1;62;0.05;6;18;25;1;1;0;16.1;1;8.7;20.1;2.5;1.2;34;17;54;626;15
32;;Fernando Prestes;2009/2010;Tommy;2004;8 x 6;2.5;50.6;NI;80.9;5.9;14;10;1.5;17;5;16;23.5;39.5;59;0.09;2.4;15;22;1;1;0;11.9;0.7;8.3;28.4;2.5;1.1;17;19;105;569;14
54;;Fernando Prestes;2009/2010;Tommy;2003;7 x 5;2.5;44.4;NI;80;5.6;12;5;2;21;5;18;28;46;61;0.11;1.8;16;20;1;2;0;9.8;0.8;7.6;27.7;1.9;1.2;20;23;51;307;16
152;93;Vista Alegre do Alto;2010/2011;Tommy;2003;7 x 4;4.25;46;NI;79.2;4.7;16;4;2.1;21;5;38;28.1;66.1;43;0.36;9.8;22;11.2;0.2;1;1;10.2;0.6;8.5;25.5;1.5;1.2;24;10;174;651;17
153;94;Vista Alegre do Alto;2010/2011;Palmer;2003;7 x 4;5;38.9;NI;78;5;22;5;1.5;30;9;31;40.5;71.5;57;0.18;10.5;24;30.8;0.8;3;0;9.1;0.7;10.8;18.9;2;1;30;7;57;371;17
158;98;Vista Alegre do Alto;2010/2011;Palmer;2003;7 x 4;5;44.6;NI;77.9;5;12;7;1.1;17;6;22;24.1;46.1;52;0.14;6.8;21;14.7;0.6;1;0;10.6;0.8;10.1;20.3;2.1;1.2;17;15;41;430;17
217;;Vista Alegre do Alto;2010/2011;Queity;2000;8 x 6;3.6;56.2;NI;76.5;4.7;15;2;3.3;17;9;26;29.3;55.3;53;0.47;0.9;27;13.9;0.2;2;0;17.5;0.9;10.2;16.7;2;1.7;19;41;281;817;207
215;;Vista Alegre do Alto;2010/2011;Tommy;2000;8 x 6;3.6;48.1;NI;76.4;4.7;15;2;2.6;14;7;25;23.6;48.6;49;0.47;1.5;34;23.5;0.5;1;1;13.1;0.7;7.5;17.1;1.7;0.8;19;8;54;595;91
35;;Fernando Prestes;2009/2010;Palmer;2000;8 x 6;2;50;NI;76.3;5.4;11;6;2.5;14;7;19;23.5;42.5;55;0.09;11;18;19;1;2;0;14.4;1.1;13.6;19;1.7;1.9;26;8;46;421;20
216;;Vista Alegre do Alto;2010/2011;Queity;2000;8 x 6;3.6;51.3;NI;75;5;15;3;3.7;16;8;18;27.7;45.7;61;0.11;2.1;22;15.5;0.6;2;0;16.1;0.8;10;20.2;2;2.2;16;72;66;704;257
156;97;Vista Alegre do Alto;2010/2011;Palmer;2003;8 x 3;5;42.5;NI;75;4.8;15;9;2.4;20;7;34;29.4;63.4;46;0.1;7.9;26;11.9;0.4;2;1;10.2;0.6;10.3;20.8;1.5;1.1;27;12;82;499;16
159;100;Vista Alegre do Alto;2010/2011;Tommy;2005;7 x 4;0;54.8;I;75;5.7;12;34;1.4;42;12;13;55.4;68.4;81;0.23;11.2;15;6;0.2;1;0;12;0.7;8.2;27.5;1.5;1.2;18;13;62;472;15
84;;Vista Alegre do Alto;2009/2010;Palmer;2002;7 x 5;2;52.1;NI;74.8;5.6;17;34;2.9;21;9;24;32.9;56.9;58;0.12;4.4;29;9;0.8;2;0;14.2;1;10.8;16.5;1.7;1.6;20;8;63;396;41
3;;Pirangi;2009/2010;Espada;2003;8 x 5;0;58.2;NI;74.8;6.3;19;36;3.6;33;9;15;45.6;60.6;75;0.09;4.6;21;24;1.6;2;0;16.5;1.2;6.8;16.5;1.9;1.6;43;17;47;373;15
188;69;Taquaritinga;2010/2011;Palmer;1999;8 x 4;3.25;56.4;NI;74;5.3;7;42;3;20;14;18;37;55;67;1.28;8.4;12;16.1;1;46;0;12.8;0.7;8.5;20.4;2.1;1.4;33;33;160;806;23
33;;Fernando Prestes;2009/2010;Palmer;2000;8 x 6;2;47.6;NI;73.4;5.4;12;4;2.2;13;5;18;20.2;38.2;53;0.12;8.4;21;22;1;4;0;13.3;1.2;14;19.7;1.6;1.8;31;9;57;520;21
51;;Fernando Prestes;2009/2010;Tommy;2004;8 x 8;2.5;48.9;NI;73;5.5;12;16;1.9;18;5;18;24.9;42.9;58;0.07;1.2;26;16.8;0.8;1;0;12.3;0.8;6.6;23;1.7;1.3;28;7;77;244;16
187;65;Taquaritinga;2010/2011;Palmer;1999;8 x 4;2.38;58.1;NI;72;5.4;7;34;2.5;21;10;12;33.5;45.5;74;0.74;7.9;11;23.8;0.9;42;0;13.5;0.7;7.1;19.7;1.9;1.2;38;36;40;610;16
145;88;Vista Alegre do Alto;2010/2011;Palmer;1999;7 x 4;0;58.7;NI;71.8;5.3;10;27;2.6;24;10;20;36.6;56.6;65;0.16;5.3;19;14;0.7;3;0;16.8;0.9;9.5;21.8;1.9;1.3;31;26;83;532;26
101;;Vista Alegre do Alto;2009/2010;Palmer;2001;8 x 5;0;40.6;I;71.7;5.4;17;10;1.7;21;5;21;27.7;48.7;57;0.06;8.2;22;22;0.6;1;0;12.6;1.4;13.9;20.8;2;1.4;31;3;39;481;13
42;;Fernando Prestes;2009/2010;Tommy;2003;10 x 5;2.5;49.8;NI;71;5.6;10;8;2.2;17;8;16;27.2;43.2;63;0.12;1.8;17;22;1.6;1;0;14.4;0.9;7.7;17.3;2.1;1.3;25;5;51;788;14
91;;Vista Alegre do Alto;2009/2010;Palmer;2001;10 x 6;1.25;54.5;NI;70.7;6.2;25;41;5.7;52;18;21;75.7;96.7;78;0.1;5.2;20;22;2;2;0;15.8;1.2;11.4;15.4;1.9;1.7;35;6;57;420;64
176;134;Monte Alto;2010/2011;Palmer;1997;9 x 4;3.75;49.9;NI;70.5;5.5;15;28;2.7;41;13;18;56.7;74.7;76;0.18;38.5;15;16.1;1.9;3;0;12.8;1.5;9.7;22.7;2.4;1.3;36;20;58;244;18
157;;Vista Alegre do Alto;2010/2011;Haden;2003;8 x 3;5;52;NI;70;4.8;15;9;2.4;20;7;34;29.4;63.4;46;0.1;7.9;26;11.9;0.4;2;1;11.7;0.9;11.2;19.8;1.2;1.2;21;9;50;401;20
155;101;Vista Alegre do Alto;2010/2011;Palmer;2005;7 x 4;0;42;I;70;5.4;11;19;1;22;8;16;31;47;66;0.13;10.1;9;9.8;0.6;1;0;11;0.9;11.1;24.1;1.8;1.2;26;15;61;375;17
139;;Vista Alegre do Alto;2010/2011;Palmer;2003;8 x 6;4.25;52.4;NI;69.6;5.6;15;5;2.4;21;9;16;32.4;48.4;67;0.49;4.7;8;6.9;1.1;2;0;13.1;0.8;8.9;22.1;1.6;1.3;21;50;45;220;14
111;;Fernando Prestes;2009/2010;Palmer;2003;8 x 6;2.5;53.3;NI;69.4;5.7;15;5;1;17;10;16;28;44;64;0.06;1.2;12;12.4;0.6;1;0;12.6;0.8;8.9;14.1;2.4;1;18;24;56;624;14
110;;Vista Alegre do Alto;2009/2010;Palmer;2002;7 x 6;0;54.2;NI;69.3;5.2;18;5;2.3;16;6;19;24.3;43.3;56;0.07;2.2;19;18;0.6;1;0;13.7;0.8;10.3;14.7;2.4;1.1;15;10;46;754;14
126;;Monte Alto;2009/2010;Palmer;1997;7 x 5;2.5;50.1;NI;68;6.1;19;19;2.7;29;13;18;44.7;62.7;71;0.08;18;25;20;2.4;1;0;12.3;1.1;9.9;21.9;2.9;1.4;40;25;46;386;27
17;;Pirangi;2009/2010;Palmer;2003;7 x 6;1.8;54.3;NI;67.7;5.6;18;16;2.2;25;8;18;35.2;53.2;66;0.09;6.4;21;22;1;1;0;14;1.4;12.2;18.6;2.4;2.1;24;8;54;442;16
89;;Vista Alegre do Alto;2009/2010;Palmer;2002;7 x 5;3;59.3;NI;65.6;5.8;17;32;2.2;26;7;16;35.2;51.2;69;0.14;9;20;20;2.2;1;0;14.7;1.6;11.1;19.6;1.9;1.9;22;13;60;435;24
4;;Pirangi;2009/2010;Espada;2004;8 x 6;0;57;NI;64.9;6.2;15;12;1.3;17;8;15;26.3;41.3;64;0.06;1.2;1;18.4;0.8;1;0;14.7;1;6.7;13.8;2;1.6;19;51;41;517;12
191;74;Taquaritinga;2010/2011;Palmer;1999;8 x 4;4;45.9;NI;63.5;5.3;5;50;2.1;19;9;15;30.1;45.1;67;1.37;10.1;11;12.6;1;21;0;9.5;0.8;6.9;19.3;2;1.5;84;41;41;687;17
149;92;Vista Alegre do Alto;2010/2011;Palmer;2003;7 x 6;2.7;53.9;NI;63.2;5.2;18;52;4.1;41;17;34;62.1;96.1;65;0.32;6.7;22;11.9;1.5;1;0;12.4;1.3;10.3;23.3;2.2;1.5;39;27;60;450;32
106;;Vista Alegre do Alto;2009/2010;Palmer;2004;8 x 6;5;51.3;NI;62.9;5.3;16;14;2;18;6;21;26;47;55;0.06;16;29;18;1.8;1;0;10.9;1.4;11.8;26.4;1.8;1.3;30;12;45;550;19
46;;Fernando Prestes;2009/2010;Tommy;2004;8 x 5;2.5;51.9;NI;61;6;12;12;1.3;21;12;15;34.3;49.3;70;0.11;1;18;15.6;0.4;1;0;14.4;0.9;7.3;18.6;1.8;1.8;20;26;80;570;20
115;;Fernando Prestes;2009/2010;Tommy;2005;8 x 6;1.75;53.8;NI;60.3;5.7;20;7;2.2;18;9;18;29.2;47.2;62;0.14;1.4;37;17.4;1;1;0;13.5;1.3;11.4;20.9;2.7;1.8;33;17;52;426;22
36;;Fernando Prestes;2009/2010;Espada;2003;8 x 5;2;55.4;NI;60;5.6;12;18;2.7;20;5;18;27.7;45.7;61;0.14;2.4;19;22;1;1;0;15.4;1;7;18.1;1.7;1.4;23;20;57;161;13
112;;Fernando Prestes;2009/2010;Tommy;1999;10 x 8;2;45.1;NI;60;5.4;16;4;2;15;5;18;22;40;55;0.06;1;30;20;1;1;0;9.8;0.8;7.7;17.1;1.9;1.1;24;9;53;774;17
93;;Vista Alegre do Alto;2009/2010;Tommy;2001;7 x 5;4.25;51.2;NI;59.6;4.6;18;4;1.9;15;4;31;20.9;51.9;40;0.1;6.2;28;22;0.4;1;4;12.3;0.8;8.2;23.1;1.3;1.6;31;12;57;614;19
144;87;Vista Alegre do Alto;2010/2011;Palmer;2000;7 x 4;2.34;57.1;NI;59.5;5.6;11;38;2.3;31;12;18;45.3;63.3;72;0.15;5.7;13;7.7;1;2;0;16.1;0.9;9.9;18.6;1.8;1.3;22;14;89;484;47
100;;Vista Alegre do Alto;2009/2010;Tommy;2001;7 x 5;0;54.2;I;58.9;5.9;18;18;1.7;26;6;15;33.7;48.7;69;0.06;12;21;16.8;0.4;2;0;10.2;1.4;13.9;19.9;2.1;1.2;37;13;37;299;16
219;;Vista Alegre do Alto;2010/2011;Palmer;1998;7 x 6;3.6;49.4;NI;58.7;5.4;12;19;2.5;26;10;19;38.5;57.5;67;0.08;16.5;14;15.5;0.9;4;0;12;0.6;7.6;17.5;2;1;15;11;77;503;14
148;91;Vista Alegre do Alto;2010/2011;Palmer;2003;7 x 6;2.7;55;NI;58;5.6;20;53;4.8;44;23;28;71.8;99.8;72;0.28;7.5;13;12.6;1.4;4;0;12.3;0.8;6.1;17.5;1.8;1;28;11;58;675;38
203;29;Fernando Prestes;2010/2011;Espada;2005;7 x 5;2.5;56.5;NI;58;5;10;24;1.5;19;8;22;28.5;50.5;56;0.38;3.1;25;9.8;0.8;2;0;15.7;0.8;5.2;23;1.4;1.2;37;8;75;542;28
22;;Pirangi;2009/2010;Espada;2002;8 x 6;0;57.4;NI;57.9;5.4;18;25;2.5;16;7;19;25.5;44.5;57;0.12;4.6;21;22;2;1;0;17.2;1;7.3;13.1;2.2;1.5;20;40;39;532;13
83;;Vista Alegre do Alto;2009/2010;Palmer;2004;8 x 6;2;48.4;NI;56.8;5.5;17;20;3.1;20;7;24;30.1;54.1;56;0.1;3.8;2;10.4;0.6;5;0;12.6;1.1;12.3;17.2;1.8;1.5;29;5;38;265;38
6;;Pirangi;2009/2010;Palmer;2003;7 x 5;1.44;53.4;NI;56.6;4.9;15;4;3.4;10;4;22;17.4;39.4;44;0.08;1.4;37;22;0.6;1;1;15.4;0.9;10.5;17.7;1.8;1.7;26;21;46;1009;12
211;36;Fernando Prestes;2010/2011;Espada;2002;8 x 5;0;57.5;NI;55;5;10;16;1.6;17;5;20;23.6;43.6;54;0.2;1.8;14;10.5;0.5;1;0;14.2;0.7;4.9;20.1;1.3;1.1;23;15;56;242;16
90;;Vista Alegre do Alto;2009/2010;Espada;2001;8 x 6;1.25;53;NI;54.2;6.4;18;86;3.1;46;17;13;66.1;79.1;84;0.12;3.8;21;17.2;2;1;0;16.1;1.4;8.1;14.1;1.7;1.6;24;5;64;320;43
19;;Pirangi;2009/2010;Palmer;2003;6 X 4;1.8;55.9;NI;54.1;6;15;12;2.2;28;14;14;44.2;58.2;76;0.06;2.2;13;17;1;1;0;15.4;1;10.4;22.3;1.9;1.4;18;7;53;482;16
67;;Taquaritinga;2009/2010;Palmer;2000;8 x 4;3.75;56.3;NI;53.7;6.4;15;36;1.5;27;9;13;37.5;50.5;74;0.16;4;19;20;1.2;2;0;13.7;0.9;11.6;18.4;1.8;1.6;42;91;61;822;20
113;;Fernando Prestes;2009/2010;Tommy;2005;8 x 6;0;51.4;NI;53.4;5.9;18;29;2;23;11;15;36;51;71;0.06;2.4;20;11.4;1.2;1;0;13;0.9;6.7;18.4;2.2;1.4;25;8;58;621;17
137;;Vista Alegre do Alto;2009/2010;Palmer;2005;8 x 6;0;47.7;NI;53.1;5.9;18;29;2;23;11;15;36;51;71;0.06;2.4;20;11.4;1.2;1;0;12.3;0.7;9.3;13.2;2.2;1;14;9;41;679;13
66;;Taquaritinga;2009/2010;Palmer;2000;8 x 4;3.75;61;NI;52.9;6.4;15;48;1.5;31;9;13;41.5;54.5;76;0.18;5.6;13;19.8;1.6;1;0;14.7;0.9;11.7;18.6;1.7;1.7;40;71;68;957;25
120;;Fernando Prestes;2009/2010;Tommy;2005;8 x 5;2.5;51.5;NI;52.9;5.8;15;44;2.1;16;4;18;22.1;40.1;55;0.06;1;20;16;1;3;0;14;0.9;6.7;19.2;2.3;1.2;18;9;60;688;14
177;135;Monte Alto;2010/2011;Palmer;2001;9 x 4;3.75;47.1;NI;52.8;5.6;15;56;2.9;40;14;18;56.9;74.9;76;0.18;16.1;18;14;1.6;3;0;11.3;1.3;10;23.3;2;1.2;30;24;58;239;14
102;;Vista Alegre do Alto;2009/2010;Tommy;2004;8 x 5;0;49.8;I;52.5;5.3;16;7;2.5;17;5;21;24.5;45.5;54;0.06;9;19;22;0.6;1;0;13;1.1;11.4;16.4;2.4;1.4;26;36;73;395;17
37;;Fernando Prestes;2009/2010;Palmer;2003;8 x 5;2;56.1;NI;51.1;5.5;12;10;2.5;19;5;19;26.5;45.5;58;0.12;2.2;21;22;1;1;0;13.7;1;10.6;25.5;1.9;1.8;23;28;70;594;20
114;;Fernando Prestes;2009/2010;Tommy;2005;8 x 6;0;46.4;NI;50.8;5.8;23;8;2.4;25;9;17;36.4;53.4;68;0.06;1;29;22;1;2;0;11.2;0.8;6.7;19;1.8;1.2;24;9;52;267;15
68;;Taquaritinga;2009/2010;Palmer;2000;8 x 4;3.75;61.5;NI;49.7;6.3;16;28;1.4;27;9;16;37.4;53.4;70;0.23;3.6;13;17.8;1;1;0;14.7;0.9;11.9;17.3;1.8;1.7;33;72;66;943;22
65;;Taquaritinga;2009/2010;Palmer;2000;8 x 4;3.75;59.8;NI;48.7;6.3;15;24;1.4;26;9;15;36.4;51.4;71;0.16;3.2;13;18.4;1;4;0;14;0.9;11.3;18.2;1.9;1.5;34;891;83;775;24
190;73;Taquaritinga;2010/2011;Palmer;1999;8 x 4;4;46.6;NI;48.1;5.3;6;106;2.6;25;16;18;43.6;61.6;71;1.89;6.4;16;18.2;0.7;81;0;9.1;0.8;10.2;21.7;1.8;1.4;58;23;85;1418;14
41;;Fernando Prestes;2009/2010;Tommy;1997;8 x 6;0;48.4;NI;46.8;5.2;13;5;2.2;18;6;20;26.2;46.2;57;0.1;6.8;24;22;0.6;1;0;11.7;1;7.9;23.7;1.9;1.2;26;8;72;278;15
147;90;Vista Alegre do Alto;2010/2011;Espada;2003;7 x 6;1.8;54.3;NI;46.8;5.7;13;103;2.6;51;21;16;74.6;90.6;82;0.2;3.4;14;10;1;1;0;12.4;0.9;5.9;18;1.6;1.2;26;10;52;570;45
220;;Vista Alegre do Alto;2010/2011;Tommy;1998;7 x 6;3.6;46.5;NI;45.4;5.2;5;6;3.3;24;13;27;40.3;67.3;60;0.24;7;23;9.2;0.7;3;0;10.2;0.6;10.6;15.2;2.1;1.2;24;9;57;408;13
178;;Monte Alto;2010/2011;Palmer;2001;9 x 4;3.75;45.1;NI;44.9;5.2;12;22;3.1;24;11;22;38.1;60.1;63;0.28;14;25;18.2;0.9;2;0;11;1.5;10.3;21.4;2.3;1.2;32;19;107;298;20
122;;Fernando Prestes;2009/2010;Palmer;1998;8 x 6;3;54.4;NI;43.1;4.1;16;6;2.7;6;3;47;11.7;58.7;20;0.1;8.4;31;4;0.8;3;9;15.4;0.9;10;17.1;2.3;1.4;31;4;44;316;14
38;;Fernando Prestes;2009/2010;Palmer;2001;8 x 6;2.5;54.3;NI;43;5.6;12;11;2.4;20;6;18;28.4;46.4;61;0.14;6.6;16;22;1.2;2;0;14.7;0.9;11.7;13.5;1.9;1.3;18;26;58;873;16
47;;Fernando Prestes;2009/2010;Tommy;2005;10 x 6;1.25;49.7;NI;42;5.9;12;18;2.5;23;6;15;31.5;46.5;68;0.12;1.8;21;20;1.4;1;0;11.6;0.9;6.1;21.9;1.6;1.4;20;7;85;256;15
77;;Taquaritinga;2009/2010;Tommy;2000;8 x 4;4.5;50.4;NI;41.9;6.3;15;26;1.7;27;10;15;38.7;53.7;72;0.24;3.6;17;15;1;2;0;12.3;0.8;11.1;18.8;1.5;1.7;94;116;63;940;29
204;30;Fernando Prestes;2010/2011;Espada;2005;8 x 6;2.5;57;NI;41;5.1;7;30;1.2;13;6;15;20.2;35.2;57;0.23;2.3;18;4.9;0.7;1;0;15.7;0.9;7.2;21.3;1.6;1.3;26;7;33;264;14
76;;Taquaritinga;2009/2010;Tommy;2000;8 x 4;4.5;49.4;NI;40.6;6.3;17;34;2.8;33;10;15;45.8;60.8;75;0.2;4.4;19;19.6;1.6;2;0;11.9;1;11.3;21.9;1.6;1.9;81;103;56;924;30
121;;Fernando Prestes;2009/2010;Palmer;2002;10 x 6;3.75;53.9;NI;38;5.4;14;14;2.4;15;4;18;21.4;39.4;54;0.06;4.8;22;22;1;2;0;13.3;1.4;11.8;23.2;1.9;1.9;20;14;45;736;20
198;28;Fernando Prestes;2010/2011;Espada;2005;8 x 7;0;57.6;NI;38;4.3;10;7;2.2;8;4;38;14.2;52.2;27;0.19;0.7;21;4.9;0.1;1;5;13.5;0.7;6.1;15.2;1.8;1.1;25;8;107;872;15
82;;Taquaritinga;2009/2010;Palmer;2000;8 x 4;3.75;60.2;NI;35.7;6.3;16;67;1.3;29;12;15;42.3;57.3;74;0.18;3.8;13;12.6;1;5;0;13.7;1.1;12.2;18.5;1.9;2.1;41;72;63;1138;29
71;;Taquaritinga;2009/2010;Palmer;2000;8 x 4;3.75;58.8;NI;34.9;6.3;15;26;1.2;26;9;16;36.2;52.2;69;0.18;4.2;13;13.2;1;3;0;14;1.4;13.2;20.1;2.2;2.4;148;64;64;1032;35
118;;Fernando Prestes;2009/2010;Palmer;1999;10x 5;2.5;61.1;NI;31.9;5.5;15;22;2.5;15;4;18;21.5;39.5;54;0.07;12;17;19.2;1.6;1;0;16.5;1.2;11;21.3;2.1;1.6;17;11;56;443;18
154;95;Vista Alegre do Alto;2010/2011;Palmer;2003;7 x 4;5;40.9;NI;31.3;4.7;15;8;1.2;21;6;38;28.2;66.2;43;0.21;23.8;22;30.8;0.6;2;1;8.4;0.6;11.9;22.2;1.8;1;30;8;55;639;15
70;;Taquaritinga;2009/2010;Palmer;2000;8 x 4;3.75;63.5;NI;25.9;6.3;15;21;1.5;24;8;16;33.5;49.5;68;0.18;3.2;13;14.6;0.8;1;0;15.8;1;12.6;19.4;2.2;2.1;32;107;74;1105;34
194;80;Taquaritinga;2010/2011;Haden;1999;8 x 4;0;53.7;NI;25.8;5.4;10;110;1.9;35;17;18;53.9;71.9;75;0.49;8.9;15;15.4;1.2;57;0;15.4;1.9;11.5;17.8;2.1;2.2;52;56;45;563;41
2;;Pirangi;2009/2010;Espada;2003;7 x 5;0;60.7;NI;25.4;6.2;15;20;1.2;24;4;13;29.2;42.2;69;0.06;0.8;18;19;0.1;2;0;16.5;1.1;6.5;15.8;1.9;1.3;17;6;40;310;13
202;41;Fernando Prestes;2010/2011;Tommy;1997;8 x 6;5;52.5;NI;25.3;5.2;13;23;2.5;27;7;28;36.5;64.5;57;0.19;5;24;12.6;0.3;1;0;13.5;1;9.9;8.7;1.7;1;14;11;38;190;22
29;;Fernando Prestes;2009/2010;Espada;2005;7 x 5;2.5;58.1;NI;25;5;16;13;2.2;14;6;21;22.2;43.2;51;0.2;4;32;22;1.2;2;0;16.5;1;6.1;24.7;2.1;1.4;61;16;41;394;14
95;;Vista Alegre do Alto;2009/2010;Palmer;2003;7 x 5;5;35.1;NI;24;4.9;16;4;1.7;16;4;25;21.7;46.7;46;0.1;14;23;24;1;1;1;9.8;0.9;13.5;18.1;1.9;1.2;30;15;50;378;14
69;;Taquaritinga;2009/2010;Palmer;2000;8 x 4;3.75;56.4;NI;23.7;6.4;14;32;1.3;27;9;13;37.3;50.3;74;0.14;3.4;13;14.4;1;2;0;16.1;1.2;12.2;17.2;1.9;1.9;48;87;36;691;40
129;;Monte Alto;2009/2010;Palmer;1996;7 x 5;2.5;58.5;NI;22.4;5.7;15;54;2.7;26;8;15;36.7;51.7;71;0.2;24;29;19.4;3;2;0;14;1.8;13.1;24.6;2.5;2.2;25;40;65;394;25
73;;Taquaritinga;2009/2010;Palmer;2000;8 x 4;3.75;55.6;NI;21.6;6.4;15;20;1.8;25;8;13;34.8;47.8;73;0.24;2.6;13;18;1;3;0;16.5;1.8;10.7;19.1;2.2;2.5;47;118;51;1270;52
72;;Taquaritinga;2009/2010;Palmer;2000;8 x 4;3.75;54.3;NI;20.5;6.4;14;36;1.6;25;8;13;34.6;47.6;73;0.13;3;13;15.4;1;3;0;16.5;1.2;11.8;16.1;1.7;1.9;53;97;46;957;43
81;;Taquaritinga;2009/2010;Haden;2000;8 x 4;6;58.4;NI;19.1;6.3;19;17;2.8;35;12;15;49.8;64.8;77;0.26;3.8;22;0.8;1;2;0;16.1;1.9;12.1;19.2;2.1;2.1;56;56;45;547;35
30;;Fernando Prestes;2009/2010;Espada;2005;8 x 6;2.5;54.6;NI;19;5.5;15;30;1.8;19;7;16;27.8;43.8;63;0.19;3.4;23;18.4;1.4;2;0;14;1;6.1;21.6;2;1.5;65;23;41;304;13
1;;Pirangi;2009/2010;Espada;2005;7 x 5;0;58;NI;18.6;5.4;15;4;0.8;7;3;16;10.8;26.8;40;0.06;0.8;20;22;0.8;1;0;16.1;1.1;6.5;17;1.9;1.3;21;6;37;333;13
80;;Taquaritinga;2009/2010;Haden;2000;8 x 4;6;57.2;NI;18.3;6.3;18;38;2.3;33;11;15;46.3;61.3;76;0.24;3;17;14.6;1;2;0;14.7;1.8;10.9;16.3;2.1;2.2;48;55;44;578;46
49;;Fernando Prestes;2009/2010;Tommy;1994;7 x 5;0;49.2;NI;14;6;12;3;1.1;21;10;14;32.1;46.1;70;0.12;0.8;19;18.2;0.6;1;0;12.6;1.1;8.2;22.3;1.9;1.3;25;9;75;323;15
57;;Taquaritinga;2009/2010;Palmer;1997;7 x 4;4.25;62.8;NI;13;6;14;68;2;26;8;16;36;52;69;0.22;3.8;37;16.4;1.8;9;0;17.5;1.2;9.2;24;1.9;1.9;89;62;45;694;33
98;;Vista Alegre do Alto;2009/2010;Palmer;1997;7 x 5;5;49.6;NI;10.4;5.1;18;6;1.7;19;6;21;26.7;47.7;56;0.11;7.6;20;20;1;1;0;13;1;12;18.5;2.2;1.2;23;36;42;306;11
48;;Fernando Prestes;2009/2010;Tommy;2003;9 x 6;0;44.7;NI;9.5;5.9;12;7;2.2;24;8;16;34.2;50.2;68;0.12;1;14;20;0.8;1;0;10.2;0.9;7.2;23.7;1.8;1.1;26;6;65;217;14
50;;Fernando Prestes;2009/2010;Palmer;2003;9x6;0;44.1;NI;9;6.1;13;6;2.4;32;13;16;47.4;63.4;75;0.14;1.2;17;22;0.6;2;0;9.8;1.1;10.7;22.8;2.3;1;26;6;54;247;16
